--
-- PostgreSQL database dump
--

-- Dumped from database version 15.1 (Debian 15.1-1.pgdg110+1)
-- Dumped by pg_dump version 15.1

SET statement_timeout = 0;
SET lock_timeout = 0;
SET idle_in_transaction_session_timeout = 0;
SET client_encoding = 'UTF8';
SET standard_conforming_strings = on;
SELECT pg_catalog.set_config('search_path', '', false);
SET check_function_bodies = false;
SET xmloption = content;
SET client_min_messages = warning;
SET row_security = off;

--
-- Name: public; Type: SCHEMA; Schema: -; Owner: pg_database_owner
--

CREATE SCHEMA public;


ALTER SCHEMA public OWNER TO pg_database_owner;

--
-- Name: SCHEMA public; Type: COMMENT; Schema: -; Owner: pg_database_owner
--

COMMENT ON SCHEMA public IS 'standard public schema';


SET default_tablespace = '';

SET default_table_access_method = heap;

--
-- Name: genres; Type: TABLE; Schema: public; Owner: dbuser
--

CREATE TABLE public.genres (
                               id integer NOT NULL,
                               name character varying(100) NOT NULL
);


ALTER TABLE public.genres OWNER TO dbuser;

--
-- Name: genres_id_seq; Type: SEQUENCE; Schema: public; Owner: dbuser
--

CREATE SEQUENCE public.genres_id_seq
    AS integer
    START WITH 1
    INCREMENT BY 1
    NO MINVALUE
    NO MAXVALUE
    CACHE 1;


ALTER TABLE public.genres_id_seq OWNER TO dbuser;

--
-- Name: genres_id_seq; Type: SEQUENCE OWNED BY; Schema: public; Owner: dbuser
--

ALTER SEQUENCE public.genres_id_seq OWNED BY public.genres.id;


--
-- Name: liked_by; Type: TABLE; Schema: public; Owner: dbuser
--

CREATE TABLE public.liked_by (
                                 id_user integer NOT NULL,
                                 id_song integer NOT NULL,
                                 rating integer NOT NULL
);


ALTER TABLE public.liked_by OWNER TO dbuser;

--
-- Name: matches; Type: TABLE; Schema: public; Owner: dbuser
--

CREATE TABLE public.matches (
                                id_user1 integer NOT NULL,
                                id_user2 integer NOT NULL
);


ALTER TABLE public.matches OWNER TO dbuser;

--
-- Name: providers; Type: TABLE; Schema: public; Owner: dbuser
--

CREATE TABLE public.providers (
                                  id integer NOT NULL,
                                  name character varying(100) NOT NULL
);


ALTER TABLE public.providers OWNER TO dbuser;

--
-- Name: providers_id_seq; Type: SEQUENCE; Schema: public; Owner: dbuser
--

CREATE SEQUENCE public.providers_id_seq
    AS integer
    START WITH 1
    INCREMENT BY 1
    NO MINVALUE
    NO MAXVALUE
    CACHE 1;


ALTER TABLE public.providers_id_seq OWNER TO dbuser;

--
-- Name: providers_id_seq; Type: SEQUENCE OWNED BY; Schema: public; Owner: dbuser
--

ALTER SEQUENCE public.providers_id_seq OWNED BY public.providers.id;


--
-- Name: roles; Type: TABLE; Schema: public; Owner: dbuser
--

CREATE TABLE public.roles (
                              id integer NOT NULL,
                              role character varying(100) NOT NULL
);


ALTER TABLE public.roles OWNER TO dbuser;

--
-- Name: roles_id_seq; Type: SEQUENCE; Schema: public; Owner: dbuser
--

CREATE SEQUENCE public.roles_id_seq
    AS integer
    START WITH 1
    INCREMENT BY 1
    NO MINVALUE
    NO MAXVALUE
    CACHE 1;


ALTER TABLE public.roles_id_seq OWNER TO dbuser;

--
-- Name: roles_id_seq; Type: SEQUENCE OWNED BY; Schema: public; Owner: dbuser
--

ALTER SEQUENCE public.roles_id_seq OWNED BY public.roles.id;


--
-- Name: song_genres; Type: TABLE; Schema: public; Owner: dbuser
--

CREATE TABLE public.song_genres (
                                    id_song integer NOT NULL,
                                    id_genre integer NOT NULL
);


ALTER TABLE public.song_genres OWNER TO dbuser;

--
-- Name: song_providers; Type: TABLE; Schema: public; Owner: dbuser
--

CREATE TABLE public.song_providers (
                                       id_song integer NOT NULL,
                                       id_provider integer NOT NULL
);


ALTER TABLE public.song_providers OWNER TO dbuser;

--
-- Name: songs; Type: TABLE; Schema: public; Owner: dbuser
--

CREATE TABLE public.songs (
                              id integer NOT NULL,
                              title character varying(100) NOT NULL,
                              author character varying(255) NOT NULL,
                              album character varying(100) NOT NULL,
                              filename character varying(255) NOT NULL
);


ALTER TABLE public.songs OWNER TO dbuser;

--
-- Name: users; Type: TABLE; Schema: public; Owner: dbuser
--

CREATE TABLE public.users (
                              id integer NOT NULL,
                              id_role integer NOT NULL,
                              id_user_details integer NOT NULL,
                              email character varying(255) NOT NULL,
                              username character varying(255) NOT NULL,
                              password character varying(255) NOT NULL
);


ALTER TABLE public.users OWNER TO dbuser;

--
-- Name: table_name_id_seq; Type: SEQUENCE; Schema: public; Owner: dbuser
--

CREATE SEQUENCE public.table_name_id_seq
    AS integer
    START WITH 1
    INCREMENT BY 1
    NO MINVALUE
    NO MAXVALUE
    CACHE 1;


ALTER TABLE public.table_name_id_seq OWNER TO dbuser;

--
-- Name: table_name_id_seq; Type: SEQUENCE OWNED BY; Schema: public; Owner: dbuser
--

ALTER SEQUENCE public.table_name_id_seq OWNED BY public.users.id;


--
-- Name: table_name_id_song_seq; Type: SEQUENCE; Schema: public; Owner: dbuser
--

CREATE SEQUENCE public.table_name_id_song_seq
    AS integer
    START WITH 1
    INCREMENT BY 1
    NO MINVALUE
    NO MAXVALUE
    CACHE 1;


ALTER TABLE public.table_name_id_song_seq OWNER TO dbuser;

--
-- Name: table_name_id_song_seq; Type: SEQUENCE OWNED BY; Schema: public; Owner: dbuser
--

ALTER SEQUENCE public.table_name_id_song_seq OWNED BY public.songs.id;


--
-- Name: user_details; Type: TABLE; Schema: public; Owner: dbuser
--

CREATE TABLE public.user_details (
                                     id integer NOT NULL,
                                     name character varying(100) NOT NULL,
                                     surname character varying(100) NOT NULL,
                                     gender integer NOT NULL,
                                     interested_in integer NOT NULL
);


ALTER TABLE public.user_details OWNER TO dbuser;

--
-- Name: user_details_id_seq; Type: SEQUENCE; Schema: public; Owner: dbuser
--

CREATE SEQUENCE public.user_details_id_seq
    AS integer
    START WITH 1
    INCREMENT BY 1
    NO MINVALUE
    NO MAXVALUE
    CACHE 1;


ALTER TABLE public.user_details_id_seq OWNER TO dbuser;

--
-- Name: user_details_id_seq; Type: SEQUENCE OWNED BY; Schema: public; Owner: dbuser
--

ALTER SEQUENCE public.user_details_id_seq OWNED BY public.user_details.id;


--
-- Name: genres id; Type: DEFAULT; Schema: public; Owner: dbuser
--

ALTER TABLE ONLY public.genres ALTER COLUMN id SET DEFAULT nextval('public.genres_id_seq'::regclass);


--
-- Name: providers id; Type: DEFAULT; Schema: public; Owner: dbuser
--

ALTER TABLE ONLY public.providers ALTER COLUMN id SET DEFAULT nextval('public.providers_id_seq'::regclass);


--
-- Name: roles id; Type: DEFAULT; Schema: public; Owner: dbuser
--

ALTER TABLE ONLY public.roles ALTER COLUMN id SET DEFAULT nextval('public.roles_id_seq'::regclass);


--
-- Name: songs id; Type: DEFAULT; Schema: public; Owner: dbuser
--

ALTER TABLE ONLY public.songs ALTER COLUMN id SET DEFAULT nextval('public.table_name_id_song_seq'::regclass);


--
-- Name: user_details id; Type: DEFAULT; Schema: public; Owner: dbuser
--

ALTER TABLE ONLY public.user_details ALTER COLUMN id SET DEFAULT nextval('public.user_details_id_seq'::regclass);


--
-- Name: users id; Type: DEFAULT; Schema: public; Owner: dbuser
--

ALTER TABLE ONLY public.users ALTER COLUMN id SET DEFAULT nextval('public.table_name_id_seq'::regclass);


--
-- Data for Name: genres; Type: TABLE DATA; Schema: public; Owner: dbuser
--

COPY public.genres (id, name) FROM stdin;
1	Rock
3	Rap
2	Pop
\.


--
-- Data for Name: liked_by; Type: TABLE DATA; Schema: public; Owner: dbuser
--

COPY public.liked_by (id_user, id_song, rating) FROM stdin;
1	2	3
1	1	5
6	1	5
8	1	5
\.


--
-- Data for Name: matches; Type: TABLE DATA; Schema: public; Owner: dbuser
--

COPY public.matches (id_user1, id_user2) FROM stdin;
1	6
1	8
\.


--
-- Data for Name: providers; Type: TABLE DATA; Schema: public; Owner: dbuser
--

COPY public.providers (id, name) FROM stdin;
1	Spotify
2	Youtube Music
3	Tidal
4	SoundCloud
\.


--
-- Data for Name: roles; Type: TABLE DATA; Schema: public; Owner: dbuser
--

COPY public.roles (id, role) FROM stdin;
1	admin
2	user
\.


--
-- Data for Name: song_genres; Type: TABLE DATA; Schema: public; Owner: dbuser
--

COPY public.song_genres (id_song, id_genre) FROM stdin;
1	1
1	2
2	3
5	1
6	1
6	3
7	1
7	2
7	3
8	1
8	3
10	1
10	2
12	1
13	1
13	3
14	1
14	2
14	3
15	1
\.


--
-- Data for Name: song_providers; Type: TABLE DATA; Schema: public; Owner: dbuser
--

COPY public.song_providers (id_song, id_provider) FROM stdin;
1	1
2	1
5	1
6	1
7	1
8	1
10	1
12	1
1	2
13	3
14	1
14	2
14	3
15	1
15	3
\.


--
-- Data for Name: songs; Type: TABLE DATA; Schema: public; Owner: dbuser
--

COPY public.songs (id, title, author, album, filename) FROM stdin;
1	Hourglass	Hollywood Undead	Hotel Kalifornia	hukalifornia.jpg
2	Jeżyk	OKI	PRODUKT47	idk2.png
5	Tytuł	Nazwa autora	Nazwa albumu	gifnakirihello.gif
6	Ala	Makota	Tak	Screenshot 2022-11-17 102134.png
7	Ola	Nie ma	Koteczka	Zrzut ekranu 2021-11-11 230517.png
8	Kot	Kot Tok	KOT	Screenshot 2022-11-03 151328.png
10	Bloodborne	none	FromSoftware	Screenshot 2023-02-05 161702.png
12	test1	test2	test3	1.11.png
13	asdfasfasfasf	asfasfasfasf	asfasfasf	5.5.png
14	Ruin my life	Hollywood Undead	Hotel Kalifornia	9.7.png
15	Upload	Upload	Test	5.4.png
\.


--
-- Data for Name: user_details; Type: TABLE DATA; Schema: public; Owner: dbuser
--

COPY public.user_details (id, name, surname, gender, interested_in) FROM stdin;
1	John	Snow	1	3
2	Jan	Nowak	1	3
3	Ola	Kot	2	2
4	Tony	Stark	2	1
5	Alanik	Tak	1	1
6	fa	asfa	1	1
7	fa	asfa	1	1
8	asda	asdasd	1	1
9	Ala	fhdfh	1	1
10	asd	asd	1	1
\.


--
-- Data for Name: users; Type: TABLE DATA; Schema: public; Owner: dbuser
--

COPY public.users (id, id_role, id_user_details, email, username, password) FROM stdin;
2	2	2	jnowak@o2.pl	anow	123	f
6	1	3	ola@o2.pl	ola	123	f
7	2	4	imthebest@o2.pl	imthebest	$2y$10$oI6Ak7dka9pFXrrtK7Bt0OUuJJ.aeyo5mPi.6vxlZ/YT6zs1FNBZC	f
1	1	1	jsnow@pk.edu.pl	jsnow	$2y$10$1bDg6frjs0uywyD2SV7uIOAmE5fAx6HOEADSNpfqsGD9igX8AdiBS	f
8	2	5	sdfgkfhu@of.pl	alanik	$2y$10$fCV5UXdAIaXSSs20nv/B8.L.xDNVUJO4yTjuXozP/vknZWlYRsQeC	f
12	2	9	o2@o2.pl	best	$2y$10$/tFFfFcb0aqBhG14bos72uCeOsHka9SNb0px7O2QF5/dWhKGon.Ea	f
13	2	10	a@pk.pl	aslda	$2y$10$PNAFB.Rk44QXSeCxMxjE8u3D.8wqIXOo08cn7MYRvtjf5dvup0jzm	f
\.


--
-- Name: genres_id_seq; Type: SEQUENCE SET; Schema: public; Owner: dbuser
--

SELECT pg_catalog.setval('public.genres_id_seq', 3, true);


--
-- Name: providers_id_seq; Type: SEQUENCE SET; Schema: public; Owner: dbuser
--

SELECT pg_catalog.setval('public.providers_id_seq', 4, true);


--
-- Name: roles_id_seq; Type: SEQUENCE SET; Schema: public; Owner: dbuser
--

SELECT pg_catalog.setval('public.roles_id_seq', 2, true);


--
-- Name: table_name_id_seq; Type: SEQUENCE SET; Schema: public; Owner: dbuser
--

SELECT pg_catalog.setval('public.table_name_id_seq', 13, true);


--
-- Name: table_name_id_song_seq; Type: SEQUENCE SET; Schema: public; Owner: dbuser
--

SELECT pg_catalog.setval('public.table_name_id_song_seq', 16, true);


--
-- Name: user_details_id_seq; Type: SEQUENCE SET; Schema: public; Owner: dbuser
--

SELECT pg_catalog.setval('public.user_details_id_seq', 10, true);


--
-- Name: genres genres_name_key; Type: CONSTRAINT; Schema: public; Owner: dbuser
--

ALTER TABLE ONLY public.genres
    ADD CONSTRAINT genres_name_key UNIQUE (name);


--
-- Name: genres genres_pkey; Type: CONSTRAINT; Schema: public; Owner: dbuser
--

ALTER TABLE ONLY public.genres
    ADD CONSTRAINT genres_pkey PRIMARY KEY (id);


--
-- Name: providers providers_name_key; Type: CONSTRAINT; Schema: public; Owner: dbuser
--

ALTER TABLE ONLY public.providers
    ADD CONSTRAINT providers_name_key UNIQUE (name);


--
-- Name: providers providers_pkey; Type: CONSTRAINT; Schema: public; Owner: dbuser
--

ALTER TABLE ONLY public.providers
    ADD CONSTRAINT providers_pkey PRIMARY KEY (id);


--
-- Name: roles roles_id_key; Type: CONSTRAINT; Schema: public; Owner: dbuser
--

ALTER TABLE ONLY public.roles
    ADD CONSTRAINT roles_id_key UNIQUE (id);


--
-- Name: roles roles_pkey; Type: CONSTRAINT; Schema: public; Owner: dbuser
--

ALTER TABLE ONLY public.roles
    ADD CONSTRAINT roles_pkey PRIMARY KEY (id);


--
-- Name: roles roles_role_key; Type: CONSTRAINT; Schema: public; Owner: dbuser
--

ALTER TABLE ONLY public.roles
    ADD CONSTRAINT roles_role_key UNIQUE (role);


--
-- Name: users table_name_email_key; Type: CONSTRAINT; Schema: public; Owner: dbuser
--

ALTER TABLE ONLY public.users
    ADD CONSTRAINT table_name_email_key UNIQUE (email);


--
-- Name: users table_name_id_user_details_key; Type: CONSTRAINT; Schema: public; Owner: dbuser
--

ALTER TABLE ONLY public.users
    ADD CONSTRAINT table_name_id_user_details_key UNIQUE (id_user_details);


--
-- Name: songs table_name_pkey; Type: CONSTRAINT; Schema: public; Owner: dbuser
--

ALTER TABLE ONLY public.songs
    ADD CONSTRAINT table_name_pkey PRIMARY KEY (id);


--
-- Name: users table_name_pkey1; Type: CONSTRAINT; Schema: public; Owner: dbuser
--

ALTER TABLE ONLY public.users
    ADD CONSTRAINT table_name_pkey1 PRIMARY KEY (id);


--
-- Name: users table_name_username_key; Type: CONSTRAINT; Schema: public; Owner: dbuser
--

ALTER TABLE ONLY public.users
    ADD CONSTRAINT table_name_username_key UNIQUE (username);


--
-- Name: user_details user_details_pkey; Type: CONSTRAINT; Schema: public; Owner: dbuser
--

ALTER TABLE ONLY public.user_details
    ADD CONSTRAINT user_details_pkey PRIMARY KEY (id);


--
-- Name: liked_by liked_by_songFK; Type: FK CONSTRAINT; Schema: public; Owner: dbuser
--

ALTER TABLE ONLY public.liked_by
    ADD CONSTRAINT "liked_by_songFK" FOREIGN KEY (id_song) REFERENCES public.songs(id);


--
-- Name: liked_by liked_by_userFK; Type: FK CONSTRAINT; Schema: public; Owner: dbuser
--

ALTER TABLE ONLY public.liked_by
    ADD CONSTRAINT "liked_by_userFK" FOREIGN KEY (id_user) REFERENCES public.users(id);


--
-- Name: matches matches_users_id_fk; Type: FK CONSTRAINT; Schema: public; Owner: dbuser
--

ALTER TABLE ONLY public.matches
    ADD CONSTRAINT matches_users_id_fk FOREIGN KEY (id_user1) REFERENCES public.users(id);


--
-- Name: matches matches_users_id_fk_2; Type: FK CONSTRAINT; Schema: public; Owner: dbuser
--

ALTER TABLE ONLY public.matches
    ADD CONSTRAINT matches_users_id_fk_2 FOREIGN KEY (id_user2) REFERENCES public.users(id);


--
-- Name: song_genres song_genres_genreFK; Type: FK CONSTRAINT; Schema: public; Owner: dbuser
--

ALTER TABLE ONLY public.song_genres
    ADD CONSTRAINT "song_genres_genreFK" FOREIGN KEY (id_genre) REFERENCES public.genres(id);


--
-- Name: song_genres song_genres_songFK; Type: FK CONSTRAINT; Schema: public; Owner: dbuser
--

ALTER TABLE ONLY public.song_genres
    ADD CONSTRAINT "song_genres_songFK" FOREIGN KEY (id_song) REFERENCES public.songs(id);


--
-- Name: song_providers song_providers_providers_id_fk; Type: FK CONSTRAINT; Schema: public; Owner: dbuser
--

ALTER TABLE ONLY public.song_providers
    ADD CONSTRAINT song_providers_providers_id_fk FOREIGN KEY (id_provider) REFERENCES public.providers(id) ON UPDATE CASCADE ON DELETE CASCADE;


--
-- Name: song_providers song_providers_songs_id_fk; Type: FK CONSTRAINT; Schema: public; Owner: dbuser
--

ALTER TABLE ONLY public.song_providers
    ADD CONSTRAINT song_providers_songs_id_fk FOREIGN KEY (id_song) REFERENCES public.songs(id) ON UPDATE CASCADE ON DELETE CASCADE;


--
-- Name: users users_roles_id_fk; Type: FK CONSTRAINT; Schema: public; Owner: dbuser
--

ALTER TABLE ONLY public.users
    ADD CONSTRAINT users_roles_id_fk FOREIGN KEY (id_role) REFERENCES public.roles(id);


--
-- Name: users users_user_details_id_fk; Type: FK CONSTRAINT; Schema: public; Owner: dbuser
--

ALTER TABLE ONLY public.users
    ADD CONSTRAINT users_user_details_id_fk FOREIGN KEY (id_user_details) REFERENCES public.user_details(id);


--
-- PostgreSQL database dump complete
--